{
    "EC2" : {
        "CPUUtilization": {
            "AlarmThresholds" : {
                "priority": ["P1", "P2", "P3"],
                "alarm_threshold": ["90", "80", "75"]
            },
            "ComparisonOperator" : "GreaterThanThreshold",
            "Description" : {
                "Operatorsymbol" : ">",
                "ThresholdUnit" : "%"
            },
            "EvaluationPeriods"  : 2,
            "MetricName" : "CPUUtilization",
            "Namespace" : "AWS/EC2",
            "Period"    : 300,
            "Statistic" : "Average",
            "TreatMissingData" : "breaching",
            "Dimensions" : "InstanceId"
        }
    }
}
